paper,cell type,mutation,V1/2act,deltaV1/2act(Mut-WT),peakCurrentNorm,trafficking,protein abundance,hetPeakCurrentNorm,het_trafficking
17997361,Xenopus,Q147R,7,0,55,NA,NA,NA,NA
18599533,Xenopus,S140G,-31.2,-57.2,159,NA,NA,NA,NA
18599533,Xenopus,S140W,14.4,-11.6,167,NA,NA,NA,NA
18599533,Xenopus,S140P,22.8,-3.2,115,NA,NA,NA,NA
18599533,Xenopus,S140A,33.9,7.9,48,NA,NA,NA,NA
18599533,Xenopus,S140D,35,9,69,NA,NA,NA,NA
18599533,Xenopus,V141M,-27.2,-53.2,118,NA,NA,NA,NA
18599533,Xenopus,V141L,-22.6,-48.6,79,NA,NA,NA,NA
18599533,Xenopus,V141G,0.2,-25.8,182,NA,NA,NA,NA
18599533,Xenopus,V141A,1.8,-24.2,274,NA,NA,NA,NA
18599533,Xenopus,V141D,8.9,-17.1,121,NA,NA,NA,NA
18599533,Xenopus,V141W,18.9,-7.1,82,NA,NA,NA,NA
18599533,Xenopus,V141T,24.9,-1.1,116,NA,NA,NA,NA
18599533,Xenopus,V141C,33.4,7.4,116,NA,NA,NA,NA
18599533,Xenopus,E160R,NA,NA,0,NA,NA,NA,NA
19348785,Xenopus,G314S,24,3,12,NA,NA,27,NA
19808498,CHO,A46T,15.4,3.4,110.4,NA,NA,NA,NA
19808498,CHO,T265I,19,7,97.6,NA,NA,NA,NA
19808498,CHO,F269S,0.2,-11.8,13.9,NA,NA,NA,NA
19808498,CHO,A302V,NA,NA,7.4,NA,NA,NA,NA
19808498,CHO,G316E,13.1,1.1,16.9,NA,NA,NA,NA
19808498,CHO,F339S,9,-3,25.5,NA,NA,NA,NA
19808498,CHO,R360G,NA,NA,21.8,NA,NA,NA,NA
19808498,CHO,H455Y,11,-1,42.7,NA,NA,NA,NA
19808498,CHO,S546L,29,17,37.7,NA,NA,NA,NA
19959132,CHO,T587M,NA,NA,0,NA,NA,NA,NA
20436212,CHO,V307L,-23,-36,NA,NA,NA,NA,NA
21059661,CHO,T247A,-2.2,-2,NA,NA,NA,NA,NA
21059661,CHO,W248A,5.9,6.1,NA,NA,NA,NA,NA
21059661,CHO,R249A,4.1,4.3,NA,NA,NA,NA,NA
21059661,CHO,L250A,NA,NA,0,NA,NA,NA,NA
21059661,CHO,L251A,27,27.2,NA,NA,NA,NA,NA
21059661,CHO,G252A,-8.2,-8,NA,NA,NA,NA,NA
21059661,CHO,G252W,-14,-13.8,NA,NA,NA,NA,NA
21059661,CHO,S253A,-0.4,-0.2,NA,NA,NA,NA,NA
21059661,CHO,S253W,2.7,2.9,NA,NA,NA,NA,NA
21059661,CHO,V254A,4.7,4.9,NA,NA,NA,NA,NA
21059661,CHO,V254W,NA,NA,0,NA,NA,NA,NA
21059661,CHO,V255A,3.4,3.6,NA,NA,NA,NA,NA
21059661,CHO,V255W,34,34.2,NA,NA,NA,NA,NA
21059661,CHO,F256A,2.8,3,NA,NA,NA,NA,NA
21059661,CHO,I257A,-6.8,-6.6,NA,NA,NA,NA,NA
21059661,CHO,H258A,38,38.2,NA,NA,NA,NA,NA
21059661,CHO,R259A,32,32.2,NA,NA,NA,NA,NA
21059661,CHO,Q260A,0.7,0.9,NA,NA,NA,NA,NA
21164565,CHO,V110I,31,-4,48,NA,NA,NA,NA
21224508,CHO,S140G,-49.3,-62,NA,NA,NA,NA,NA
21380488,CHO,M1T,NA,NA,7.8,NA,NA,NA,NA
21459285,CHO,L203P,NA,NA,3.3,NA,NA,23.3,NA
21854832,HL1,A341V,46.2,10.6,24,NA,NA,60,NA
21895724,CHO,S277L,NA,NA,0,56,NA,10,NA
22613981,Xenopus,R231C,NA,NA,64,NA,NA,NA,NA
23000022,Xenopus,G325R,NA,NA,-2,NA,NA,28.9,NA
23350853,HEK293,R231H,-4,-39,90,NA,NA,88,NA
24070608,HEK293,Y461X,NA,NA,1.1,0,NA,124,NA
24096004,CHO,G229D,-50.8,-35.7,66.3,NA,NA,76.7,NA
24713462,HEK293,A590T,NA,NA,NA,36,NA,NA,NA
25444851,mouse,D202H,47,27.7,NA,NA,NA,NA,NA
25444851,mouse,I204F,54.8,35.5,NA,NA,NA,NA,NA
25444851,mouse,V205M,48.6,29.3,NA,NA,NA,NA,NA
25444851,mouse,S209F,-41.4,-60.7,NA,NA,NA,NA,NA
25616976,HEK293,R397Q,17,-6,79,NA,NA,NA,NA
26066609,Xenopus,L236R,8,-9,8,25,NA,34,NA
26066609,Xenopus,W379R,NA,NA,8,17,NA,24,NA
26066609,Xenopus,Y522S,12,-5,18,17,NA,63,NA
26168993,COS7,F279I,7,-25,97,NA,NA,NA,NA
29097701,HEK293,R116L,39,22,103,NA,NA,NA,NA
29097701,HEK293,P369L,7,-10,179,NA,NA,NA,NA
29532034,HEK293,V100I,NA,NA,NA,91,101,NA,NA
29532034,HEK293,A102S,NA,NA,NA,96,107,NA,NA
29532034,HEK293,T104I,NA,NA,NA,65,89,NA,0.9
29532034,HEK293,T104S,NA,NA,NA,93,102,NA,NA
29532034,HEK293,H105L,NA,NA,NA,80,98,NA,NA
29532034,HEK293,H105N,NA,NA,NA,106,132,NA,NA
29532034,HEK293,H105Y,NA,NA,NA,78,95,NA,NA
29532034,HEK293,V106I,NA,NA,NA,104,121,NA,NA
29532034,HEK293,Q107H,NA,NA,NA,6,20,NA,0.29
29532034,HEK293,R109L,NA,NA,NA,92,114,NA,NA
29532034,HEK293,V110I,NA,NA,NA,96,114,NA,NA
29532034,HEK293,Y111C,NA,NA,NA,2,18,NA,0.19
29532034,HEK293,L114P,NA,NA,NA,2,16,NA,0.06
29532034,HEK293,E115G,NA,NA,NA,1.9,19,NA,0.21
29532034,HEK293,P117L,NA,NA,NA,5.5,26,NA,0.28
29532034,HEK293,T118S,NA,NA,NA,101,111,NA,NA
29532034,HEK293,C122Y,NA,NA,NA,73,96,NA,0.88
29532034,HEK293,V124I,NA,NA,NA,113,112,NA,NA
29532034,HEK293,Y125D,NA,NA,NA,2.1,13,NA,0.23
29532034,HEK293,H126L,NA,NA,NA,3.7,32,NA,0.4
29532034,HEK293,F127L,NA,NA,NA,111,108,NA,NA
29532034,HEK293,A128T,NA,NA,NA,113,102,NA,NA
29532034,HEK293,V129I,NA,NA,NA,132,121,NA,NA
29532034,HEK293,L131P,NA,NA,NA,45,42,NA,1.32
29532034,HEK293,I132L,NA,NA,NA,104,110,NA,NA
29532034,HEK293,V133I,NA,NA,NA,95,111,NA,NA
29532034,HEK293,L134P,NA,NA,NA,100,60,NA,1.23
29532034,HEK293,V135A,NA,NA,NA,92,103,NA,NA
29532034,HEK293,V135I,NA,NA,NA,84,99,NA,NA
29532034,HEK293,A149V,NA,NA,NA,73,66,NA,0.93
29532034,HEK293,A150T,NA,NA,NA,156,117,NA,NA
29532034,HEK293,A150V,NA,NA,NA,97,91,NA,NA
29532034,HEK293,E160K,NA,NA,NA,16,36,NA,0.62
29532034,HEK293,p.Phe167del,NA,NA,NA,2,14,NA,NA
29532034,HEK293,T169M,NA,NA,NA,87,88,NA,NA
29532034,HEK293,R174C,NA,NA,NA,2.2,14,NA,0.19
29532034,HEK293,R174H,NA,NA,NA,4.2,20,NA,0.3
29532034,HEK293,R174L,NA,NA,NA,9.7,18,NA,0.33
29532034,HEK293,W176R,NA,NA,NA,2.5,11,NA,0.1
29532034,HEK293,G179S,NA,NA,NA,4.1,18,NA,0.31
29532034,HEK293,G189A,NA,NA,NA,2.4,14,NA,0.13
29532034,HEK293,R195P,NA,NA,NA,2,17,NA,0.1
29532034,HEK293,K196T,NA,NA,NA,58,62,NA,0.79
29532034,HEK293,P197L,NA,NA,NA,59,69,NA,0.75
29532034,HEK293,P197S,NA,NA,NA,21,40,NA,0.53
29532034,HEK293,V207M,NA,NA,NA,71,86,NA,0.82
29532034,HEK293,K218E,NA,NA,NA,102,93,NA,NA
29532034,HEK293,I227L,NA,NA,NA,143,116,NA,NA
29532034,HEK293,Q234P,NA,NA,NA,132,116,NA,NA
29532034,HEK293,L236P,NA,NA,NA,47,78,NA,1.04
29532034,HEK293,L236R,NA,NA,NA,16,56,NA,0.88
29876285,HEK293,A300S,NA,0,103,NA,NA,NA,NA
30170673,HEK293,R526S,55,45,85,NA,NA,NA,NA
30571187,CHO,V100I,24.1,-2,113.1,NA,NA,NA,NA
30571187,CHO,A102S,22.6,-3.6,282.3,NA,NA,NA,NA
30571187,CHO,T104S,23.3,-2.9,81.7,NA,NA,NA,NA
30571187,CHO,H105N,27.7,1.5,72.1,NA,NA,NA,NA
30571187,CHO,H105Y,29.8,3.7,151.1,NA,NA,NA,NA
30571187,CHO,V106I,24.7,-1.4,120.9,NA,NA,NA,NA
30571187,CHO,V110I,27.7,1.5,25.4,NA,NA,NA,NA
30571187,CHO,Y11C,NA,NA,-2.2,NA,NA,NA,NA
30571187,CHO,L114P,NA,NA,-1,NA,NA,NA,NA
30571187,CHO,P197L,NA,NA,-4.9,NA,NA,NA,NA
30571187,CHO,T118S,31.4,5.2,75.8,NA,NA,NA,NA
30571187,CHO,C122Y,41.2,15.1,-3.9,NA,NA,NA,NA
30571187,CHO,V124I,25.4,-0.7,91.6,NA,NA,NA,NA
30571187,CHO,A128T,25,-1.2,73.8,NA,NA,NA,NA
30571187,CHO,I132L,28.3,2.1,111.6,NA,NA,NA,NA
30571187,CHO,V135A,23.8,-2.4,78.5,NA,NA,NA,NA
30571187,CHO,V135I,21.9,-4.3,100,NA,NA,NA,NA
30571187,CHO,A149V,27,0.9,106.6,NA,NA,NA,NA
30571187,CHO,A150V,27.3,1.1,51.5,NA,NA,NA,NA
30571187,CHO,E160K,NA,NA,-4.1,NA,NA,31.6,NA
30571187,CHO,R174C,NA,NA,0.4,NA,NA,NA,NA
30571187,CHO,G179S,NA,NA,9.7,NA,NA,NA,NA
30571187,CHO,K196T,41.7,15.6,20.4,NA,NA,NA,NA
30571187,CHO,I204F,39.2,14.8,17.7,NA,NA,NA,NA
30571187,CHO,V207M,27.7,1.7,87.8,NA,NA,NA,NA
30571187,CHO,S209P,23.6,-0.9,78.5,NA,NA,NA,NA
30571187,CHO,R231C,NA,NA,48,NA,NA,NA,NA
30571187,CHO,F279I,28,3.5,62,NA,NA,NA,NA
30571187,CHO,A300T,10.2,-14.3,21.3,NA,NA,NA,NA
30571187,CHO,A344V,43.3,18.8,17.7,NA,NA,NA,NA
30571187,CHO,T104I,32.5,6.4,21.6,NA,NA,38.1,NA
30571187,CHO,H105L,21.2,-5.4,130.7,NA,NA,NA,NA
30571187,CHO,Q107H,26.5,0.4,35.6,NA,NA,NA,NA
30571187,CHO,R109L,19.5,-6.6,222.9,NA,NA,NA,NA
30571187,CHO,E115G,NA,NA,-6.7,NA,NA,51.4,NA
30571187,CHO,G119R,NA,NA,8.6,NA,NA,35.5,NA
30571187,CHO,Y125D,NA,NA,1.2,NA,NA,NA,NA
30571187,CHO,H126L,NA,NA,3.5,NA,NA,51.3,NA
30571187,CHO,F127L,30.4,4.3,80,NA,NA,NA,NA
30571187,CHO,V129I,30.4,4.3,82.7,NA,NA,NA,NA
30571187,CHO,L131P,NA,NA,5.4,NA,NA,48.6,NA
30571187,CHO,V133I,26.4,0.3,67.4,NA,NA,NA,NA
30571187,CHO,L134P,NA,NA,2.5,NA,NA,NA,NA
30571187,CHO,C136F,18.2,-6.3,23.4,NA,NA,NA,NA
30571187,CHO,S140R,NA,NA,10.2,NA,NA,39.7,NA
30571187,CHO,T144A,15.9,-8.6,50.3,NA,NA,NA,NA
30571187,CHO,E146K,30.8,6.3,65.1,NA,NA,NA,NA
30571187,CHO,A150G,31.3,6.8,92.6,NA,NA,NA,NA
30571187,CHO,A150T,25.7,-0.5,57.9,NA,NA,NA,NA
30571187,CHO,T153M,23.8,-0.6,67.3,NA,NA,NA,NA
30571187,CHO,V162M,30.9,6.4,24.5,NA,NA,88.8,NA
30571187,CHO,F167del,NA,NA,1.7,NA,NA,43.7,NA
30571187,CHO,T169M,26.1,-0.1,64.8,NA,NA,NA,NA
30571187,CHO,R174H,NA,NA,-1.1,NA,NA,NA,NA
30571187,CHO,R174L,NA,NA,3.2,NA,NA,NA,NA
30571187,CHO,W176R,NA,NA,0.9,NA,NA,50.4,NA
30571187,CHO,G179A,21.6,-2.9,4.4,NA,NA,81.1,NA
30571187,CHO,G186C,NA,NA,9,NA,NA,49.2,NA
30571187,CHO,L187P,28.2,3.7,67.6,NA,NA,NA,NA
30571187,CHO,G189A,NA,NA,-4.5,NA,NA,58.6,NA
30571187,CHO,G189E,NA,NA,4.8,NA,NA,NA,NA
30571187,CHO,R190P,NA,NA,5,NA,NA,57.7,NA
30571187,CHO,R192C,27.6,3.2,20.9,NA,NA,NA,NA
30571187,CHO,R195P,NA,NA,-0.8,NA,NA,41.6,NA
30571187,CHO,R195Q,24.3,-0.2,49.5,NA,NA,NA,NA
30571187,CHO,P197L,27.1,0.9,147.3,NA,NA,NA,NA
30571187,CHO,P197S,40.5,14.3,17.1,NA,NA,67.2,NA
30571187,CHO,D202G,NA,NA,8.6,NA,NA,45.4,NA
30571187,CHO,M210I,23.2,-1.2,63.5,NA,NA,NA,NA
30571187,CHO,V215G,32.5,8,32.6,NA,NA,71.3,NA
30571187,CHO,K218E,25.7,-0.5,45.6,NA,NA,NA,NA
30571187,CHO,S225W,11,-13.5,76.6,NA,NA,NA,NA
30571187,CHO,I227L,35.6,9.4,21.8,NA,NA,106.6,NA
30571187,CHO,Q234P,NA,NA,2.8,NA,NA,34.7,NA
30571187,CHO,L236P,NA,NA,3,NA,NA,56.1,NA
30571187,CHO,L236R,NA,NA,1.2,NA,NA,NA,NA
30571187,CHO,V241I,29.8,5.3,43.6,NA,NA,NA,NA
30571187,CHO,G245R,NA,NA,2.5,NA,NA,27.5,NA
30967788,CHO,G229D,NA,NA,50,NA,NA,88,NA
31245483,COS7,M437V,NA,NA,31,NA,NA,NA,NA
31834838,HEK293,K362E,23.2,7.7,NA,NA,NA,NA,NA
31834838,HEK293,H363N,109.9,94.4,NA,NA,NA,NA,NA
31834838,HEK293,I368S,47.2,31.7,NA,NA,NA,NA,NA
31834838,HEK293,P369S,-5,-20.5,NA,NA,NA,NA,NA
31899541,CHO,A150T,12,1.4,63,0,NA,78,NA
31899541,CHO,L374H,NA,NA,1.8,27,NA,37.6,NA
33095155,CHO,Y267F,42.1,13.5,20,NA,NA,NA,NA
33095155,CHO,W323A,22.2,-6.4,25.4,NA,NA,NA,NA
33095155,CHO,W323L,17.3,-11.3,17.8,NA,NA,NA,NA
33095155,CHO,W323F,29.1,0.5,83.3,NA,NA,NA,NA
33095155,CHO,K362A,43.3,14.7,23.2,NA,NA,NA,NA
33095155,CHO,N365A,43.3,14.7,25.4,NA,NA,NA,NA
33095155,CHO,V141C,12.7,-15,NA,NA,NA,NA,NA
33095155,CHO,I274C,25.3,-2.4,NA,NA,NA,NA,NA
33574382,CHO,T309I,NA,NA,0,0,NA,39.4,NA
33600800,HEK293,F166M,17,0,86,67,57,NA,NA
33600800,HEK293,R231C,NA,NA,177,501,167,NA,NA
33600800,HEK293,R231M,NA,NA,116,328,136,NA,NA
33600800,HEK293,R231F,NA,NA,293,151,107,NA,NA
33600800,HEK293,V129A,NA,NA,5,91,74,NA,NA
33600800,HEK293,A46T,NA,NA,NA,115,112,NA,NA
33600800,HEK293,F232C,NA,NA,NA,154,NA,NA,NA
33600800,HEK293,F279I,NA,NA,NA,141,110,NA,NA
33600800,HEK293,G229C,NA,NA,NA,89,NA,NA,NA
33600800,HEK293,G229D,NA,NA,NA,9,49,NA,NA
33600800,HEK293,I230C,NA,NA,NA,118,NA,NA,NA
33600800,HEK293,I274V,NA,NA,NA,121,101,NA,NA
33600800,HEK293,L233C,NA,NA,NA,108,NA,NA,NA
33600800,HEK293,Q147R,NA,NA,NA,73,99,NA,NA
33600800,HEK293,R14C,NA,NA,NA,176,126,NA,NA
33600800,HEK293,R195W,NA,NA,NA,48,73,NA,NA
33600800,HEK293,R231A,NA,NA,NA,237,124,NA,NA
33600800,HEK293,R231E,NA,NA,NA,31,37,NA,NA
33600800,HEK293,R231H,NA,NA,NA,205,138,NA,NA
33600800,HEK293,R231K,NA,NA,NA,78,56,NA,NA
33600800,HEK293,R231L,NA,NA,NA,290,151,NA,NA
33600800,HEK293,R231Q,NA,NA,NA,114,78,NA,NA
33600800,HEK293,R231S,NA,NA,NA,123,85,NA,NA
33600800,HEK293,R231T,NA,NA,NA,187,104,NA,NA
33600800,HEK293,R231V,NA,NA,NA,301,142,NA,NA
33600800,HEK293,R231Y,NA,NA,NA,279,110,NA,NA
33600800,HEK293,R670K,NA,NA,NA,91,103,NA,NA
33600800,HEK293,S140G,NA,NA,NA,108,87,NA,NA
33600800,HEK293,S209P,NA,NA,NA,87,88,NA,NA
33600800,HEK293,V141M,NA,NA,NA,138,157,NA,NA
33600800,HEK293,V241F,NA,NA,NA,126,213,NA,NA
33600800,HEK293,V307L,NA,NA,NA,110,108,NA,NA
33693037,HEK293,A300T,1,-32,135.9,102,NA,98,NA
33693037,HEK293,P535T,29,-4,62.4,33,NA,111,NA
33876311,HEK293,R293C,24.55,5.49,171,NA,normal,NA,NA
34930020,CHO,A31V,NA,-0.8,119,NA,NA,NA,NA
34930020,CHO,G57R,NA,-0.5,113,NA,NA,NA,NA
34930020,CHO,G57S,NA,1.4,95,NA,NA,NA,NA
34930020,CHO,G57V,NA,1,137,NA,NA,NA,NA
34930020,CHO,S66F,NA,1.7,71,NA,NA,87,NA
34930020,CHO,P67R,NA,-2.1,97,NA,NA,150,NA
34930020,CHO,R181H,NA,6.9,111,NA,NA,104,NA
34930020,CHO,R181L,NA,4.7,100,NA,NA,99,NA
34930020,CHO,G186D,NA,NA,6,NA,NA,32,NA
34930020,CHO,V280E,NA,NA,4,NA,NA,26,NA
34930020,CHO,A287V,NA,-2.1,103,NA,NA,253,NA
34930020,CHO,E290K,NA,9.2,58,NA,NA,102,NA
34930020,CHO,C381W,NA,6.2,73,NA,NA,104,NA
34930020,CHO,D388N,NA,2.3,103,NA,NA,NA,NA
34930020,CHO,K398R,NA,1,61,NA,NA,99,NA
34930020,CHO,P441S,NA,-0.4,39,NA,NA,85,NA
34930020,CHO,T444M,NA,3.5,70,NA,NA,88,NA
34930020,CHO,P448L,NA,3.7,49,NA,NA,119,NA
34930020,CHO,E449K,NA,-1.6,107,NA,NA,NA,NA
34930020,CHO,R452L,NA,4.9,65,NA,NA,64,NA
34930020,CHO,S475N,NA,-1.6,82,NA,NA,NA,NA
34930020,CHO,D488E,NA,1.1,70,NA,NA,81,NA
34930020,CHO,L491V,NA,-0.6,76,NA,NA,NA,NA
34930020,CHO,T495P,NA,2.5,77,NA,NA,82,NA
34930020,CHO,R519H,NA,2,16,NA,NA,51,NA
34930020,CHO,Q531E,NA,5,49,NA,NA,83,NA
34930020,CHO,R533W,NA,9.1,7,NA,NA,44,NA
34930020,CHO,I574V,NA,0.5,94,NA,NA,133,NA
34930020,CHO,G626S,NA,0.4,89,NA,NA,115,NA
34930020,CHO,G635R,NA,3.6,70,NA,NA,75,NA
34930020,CHO,D649N,NA,3.9,46,NA,NA,120,NA
34930020,CHO,G314S,NA,NA,NA,NA,NA,12,NA
35887302,CHO,K422E,22.4,16.84,39.8,100,NA,NA,NA
36331187,Xenopus,F127A,NA,NA,NA,NA,NA,NA,NA
36331187,Xenopus,F127V,53.4,36.2,NA,NA,NA,NA,NA
36331187,Xenopus,F127L,29.9,12.7,NA,NA,NA,NA,NA
36331187,Xenopus,F127W,29.2,12,NA,NA,NA,NA,NA
36674868,Xenopus,G119R,-4.1,2.5,0,NA,NA,44.9,NA
36674868,Xenopus,F166del,-11.1,-4.5,0,NA,NA,66.1,NA
36674868,Xenopus,delG186_L187,-4,2.6,0,NA,NA,21.1,NA
36674868,Xenopus,V254L,-6.7,-0.1,0,NA,NA,10.5,NA
36674868,Xenopus,L273V,8.5,15.1,72.2,NA,NA,56.7,NA
36674868,Xenopus,K421E,-1.1,5.5,0,NA,NA,66.7,NA
36674868,Xenopus,G430fsNA28,-1.3,5.3,95.5,NA,NA,66.7,NA
36674868,Xenopus,R539L,-5.2,1.4,8.4,NA,NA,36.1,NA
36674868,Xenopus,R591C,-7.8,-1.2,23.4,NA,NA,40.2,NA
37707495,HEK293,W323A,47.8,22.4,NA,NA,NA,NA,NA
37707495,HEK293,W323C,54,28.6,NA,NA,NA,NA,NA
37707495,HEK293,V324A,34.4,9,NA,NA,NA,NA,NA
37707495,HEK293,V324W,41,15.6,NA,NA,NA,NA,NA
37707495,HEK293,Q147C,63.9,38.5,NA,NA,NA,NA,NA
37707495,HEK293,Y148C,36.8,11.4,NA,NA,NA,NA,NA
38256028,HEK293,D466E,12.74,-14.73,NA,NA,NA,NA,NA
38657442,CHO,R583H,37.78,-16.21,116,NA,NA,NA,NA
39055936,CHO,R397W,NA,NA,53,NA,NA,NA,NA
39100276,HEK293,Q234K,71.3,8.5,88,NA,NA,123.7,NA
39119706,HEK293,L619M,NA,NA,84,NA,NA,NA,NA
39119706,HEK293,P477L,NA,NA,68,NA,NA,NA,NA
39119706,HEK293,A300S,NA,NA,103,NA,NA,NA,NA
39119706,HEK293,I198V,NA,NA,101,NA,NA,NA,NA
39119706,HEK293,P197L,NA,NA,83,NA,NA,NA,NA
39119706,HEK293,R195W,NA,NA,99,NA,NA,NA,NA
39119706,HEK293,R195Q,NA,NA,76,NA,NA,NA,NA
39119706,HEK293,F127L,NA,NA,60,NA,NA,NA,NA
39119706,HEK293,E11K,NA,NA,93,NA,NA,NA,NA
39434867,Guinea Pig Ventricular Myocytes,R243C,31,-3,NA,NA,NA,NA,NA
39969993,HEK (TRAF) & CHO (FUNC),P7S,NA,-1.8,121,144,112,NA,NA
39969993,HEK (TRAF) & CHO (FUNC),P99Q,NA,-2.1,151,101,101,NA,NA
39969993,HEK (TRAF) & CHO (FUNC),P99R,NA,4.8,62,94,93,NA,NA
39969993,HEK (TRAF) & CHO (FUNC),E146G,NA,3.2,66,97,105,NA,NA
39969993,HEK (TRAF) & CHO (FUNC),T153M,NA,-3.3,141,36,41,NA,NA
39969993,HEK (TRAF) & CHO (FUNC),W158C,NA,NA,7,75,71,NA,NA
39969993,HEK (TRAF) & CHO (FUNC),E160R,NA,NA,17,33,60,NA,NA
39969993,HEK (TRAF) & CHO (FUNC),V162M,NA,1.1,49,103,98,NA,NA
39969993,HEK (TRAF) & CHO (FUNC),V165M,NA,-3.9,101,84,86,NA,NA
39969993,HEK (TRAF) & CHO (FUNC),Y171H,NA,-6.9,10,1,12,NA,NA
39969993,HEK (TRAF) & CHO (FUNC),Y172M,NA,0.8,112,101,92,NA,NA
39969993,HEK (TRAF) & CHO (FUNC),G189E,NA,NA,5,1.2,12,NA,NA
39969993,HEK (TRAF) & CHO (FUNC),R192C,NA,1.7,27,40,48,NA,NA
39969993,HEK (TRAF) & CHO (FUNC),R192H,NA,2.9,59,53,50,NA,NA
39969993,HEK (TRAF) & CHO (FUNC),R195Q,NA,4.1,34,43,65,NA,NA
39969993,HEK (TRAF) & CHO (FUNC),I198V,NA,9.5,39,108,87,NA,NA
39969993,HEK (TRAF) & CHO (FUNC),I204F,NA,NA,12,94,90,NA,NA
39969993,HEK (TRAF) & CHO (FUNC),V205M,NA,16,49,186,103,NA,NA
39969993,HEK (TRAF) & CHO (FUNC),M210I,NA,-2.8,98,147,131,NA,NA
39969993,HEK (TRAF) & CHO (FUNC),V215G,NA,12,38,59,77,NA,NA
39969993,HEK (TRAF) & CHO (FUNC),V215M,NA,9,40,104,102,NA,NA
39969993,HEK (TRAF) & CHO (FUNC),S225L,NA,NA,7,166,105,NA,NA
39969993,HEK (TRAF) & CHO (FUNC),I230L,NA,9.7,75,116,101,NA,NA
39969993,HEK (TRAF) & CHO (FUNC),Q234C,NA,-49,33,116,111,NA,NA
39969993,HEK (TRAF) & CHO (FUNC),Q234M,NA,-7.2,36,69,113,NA,NA
39969993,HEK (TRAF) & CHO (FUNC),R237C,NA,-15,31,153,83,NA,NA
39969993,HEK (TRAF) & CHO (FUNC),R237M,NA,-24,46,127,79,NA,NA
39969993,HEK (TRAF) & CHO (FUNC),R243C,NA,NA,3,83,80,NA,NA
39969993,HEK (TRAF) & CHO (FUNC),R243H,NA,NA,31,114,86,NA,NA
39969993,HEK (TRAF) & CHO (FUNC),T247I,NA,13,14,82,87,NA,NA
39969993,HEK (TRAF) & CHO (FUNC),V254M,NA,1.9,21,87,95,NA,NA
39969993,HEK (TRAF) & CHO (FUNC),H258R,NA,NA,22,0.1,30,NA,NA
39969993,HEK (TRAF) & CHO (FUNC),R259H,NA,14.6,23,69,65,NA,NA
39969993,HEK (TRAF) & CHO (FUNC),L266R,NA,NA,6,1.2,21,NA,NA
39969993,HEK (TRAF) & CHO (FUNC),G269S,NA,-2.3,25,81,96,NA,NA
39969993,HEK (TRAF) & CHO (FUNC),S277L,NA,NA,22,0,38,NA,NA
39969993,HEK (TRAF) & CHO (FUNC),A287E,NA,-2,86,93,90,NA,NA
39969993,HEK (TRAF) & CHO (FUNC),A302V,NA,NA,16,9.1,55,NA,NA
39969993,HEK (TRAF) & CHO (FUNC),Y315C,NA,NA,8,66,81,NA,NA
39969993,HEK (TRAF) & CHO (FUNC),T322M,NA,NA,10,1.5,22,NA,NA
39969993,HEK (TRAF) & CHO (FUNC),A341V,NA,NA,12,141,90,NA,NA
39969993,HEK (TRAF) & CHO (FUNC),G345E,NA,NA,12,16,35,NA,NA
39969993,HEK (TRAF) & CHO (FUNC),R366W,NA,NA,9,78,79,NA,NA
39969993,HEK (TRAF) & CHO (FUNC),S373P,NA,NA,16,3.5,25,NA,NA
39969993,HEK (TRAF) & CHO (FUNC),W379R,NA,6.1,9,0,17,NA,NA
39969993,HEK (TRAF) & CHO (FUNC),W392R,NA,NA,13,5.7,22,NA,NA
39969993,HEK (TRAF) & CHO (FUNC),A339V,NA,1.8,73,108,103,NA,NA
39969993,HEK (TRAF) & CHO (FUNC),D446E,NA,-1.6,84,114,106,NA,NA
39969993,HEK (TRAF) & CHO (FUNC),H455Y,NA,-6.8,21,31,63,NA,NA
39969993,HEK (TRAF) & CHO (FUNC),M520R,NA,NA,5,0,21,NA,NA
39969993,HEK (TRAF) & CHO (FUNC),Y522S,NA,NA,6,0,16,NA,NA
39969993,HEK (TRAF) & CHO (FUNC),A525T,NA,NA,11,24,50,NA,NA
39969993,HEK (TRAF) & CHO (FUNC),R539W,NA,-1.3,13,57,83,NA,NA
39969993,HEK (TRAF) & CHO (FUNC),R555H,NA,1.8,51,104,123,NA,NA
39969993,HEK (TRAF) & CHO (FUNC),R562S,NA,NA,40,96,135,NA,NA
39969993,HEK (TRAF) & CHO (FUNC),T587M,NA,NA,27,4.6,93,NA,NA
39969993,HEK (TRAF) & CHO (FUNC),G589D,NA,8,25,0,94,NA,NA
39969993,HEK (TRAF) & CHO (FUNC),R591H,NA,NA,16,0,82,NA,NA
39969993,HEK (TRAF) & CHO (FUNC),R595Q,NA,NA,3,0,88,NA,NA
39969993,HEK (TRAF) & CHO (FUNC),T600M,NA,-0.15,113,116,104,NA,NA
39969993,HEK (TRAF) & CHO (FUNC),E663K,NA,-0.7,96,137,104,NA,NA
,,,,,,,,,
,,,,,,,,,
,,,,,,,,,
,,,,,,,,,
,,,,,,,,,
,,,,,,,,,
,,,,,,,,,
,,,48,,,,,,
